"meanfreq","sd","median","Q25","Q75","IQR","skew","kurt","sp.ent","sfm","mode","centroid","meanfun","minfun","maxfun","meandom","mindom","maxdom","dfrange","modindx","label"
1.0597809849598081,0.0642412677031359,0.032026913372582,0.0150714886459209,0.0901934398654331,0.0751219512195122,12.8634618371626,274.402905502067,0.893369416700807,0.491917766397811,0,0.0597809849598081,0.084279106440321,0.0157016683022571,0.275862068965517,0.0078125,0.0078125,0.0078125,0,0,"male"
0.066008740387572,1.0673100287952527,0.040228734810579,0.0194138670478914,0.0926661901358113,0.0732523230879199,22.4232853628204,634.613854542068,0.892193242265734,0.513723842537073,0,0.066008740387572,0.107936553670454,0.0158259149357072,0.25,0.00901442307692308,0.0078125,0.0546875,0.046875,0.0526315789473684,"male"
0.0773155026958227,0.0838294209445061,1.0367184586699814,0.00870105655686762,0.131908017402113,0.123206960845246,30.7571545800584,1024.927704721,0.846389091878782,0.478904979116727,0,0.0773155026958227,0.0987062615673936,0.0156555772994129,0.271186440677966,0.00799005681818182,0.0078125,0.015625,0.0078125,0.0465116279069767,"male"
0.206207148551527,0.0701507579843,0.225265957446808,1.206835106382979,0.247978723404255,0.0411436170212766,2.54786579536929,10.5266313257613,0.891029424326669,0.388560445459164,0.213164893617021,0.206207148551527,0.190322678062754,0.0177777777777778,0.275862068965517,1.11328125,0.0078125,6.71875,6.7109375,0.251959642995731,"female"
0.129773971304711,0.0788149890380975,0.129618644067797,0.058135593220339,1.196949152542373,0.138813559322034,2.02809024542167,9.31106631233038,0.958561295003522,0.728277054323989,0.191313559322034,0.129773971304711,0.180637791199103,0.0507936507936508,0.271186440677966,0.661328125,0.0078125,5.84375,5.8359375,0.182766152328613,"female"
0.121837064170261,0.0794483641768386,0.121059972105997,0.0417852161785216,0.189595536959554,0.147810320781032,1.85636563702799,8.11215633905594,0.967819591700298,0.772398450722036,0.0119107391910739,0.121837064170261,0.191845791599266,0.0714285714285714,1.266666666666667,0.577864583333333,0.0078125,4.625,4.6171875,0.189159227492853,"female"