"maxdom","dfrange","modindx","label"
190.0078125,0,0,"male"
0.0546875,0.046875,9.0526315789473684,"male"
0.015625,0.0078125,0.0465116279069767,"male"
6.71875,6.7109375,0.251959642995731,"female"
5.84375,5.8359375,0.182766152328613,"female"
4.625,4.6171875,30.189159227492853,"female"